Transliterated_Comment,sarcasm_label
India check_mark_button cross_mark India India India check_mark_button check_mark_button cross_mark cross_mark moai,non-sarcastic
ghabaraao mata anaaja bhee banda hogaa aura aayushmaana kaarda bhee banda hogaa are isase ba.dhiyaa hai ki jaakara bheekha maanga ko roda para sooara kee tarapha paidaa kara karake 50 tho,sarcastic
Kuch apne bare me bta do ke kitne din tihaad me rahe face_with_tears_of_joy,non-sarcastic
Gravity ki MKC esi koi cheez hi nahi hoti... face_with_tears_of_joy face_with_tears_of_joy,sarcastic
hee chinaala aahe yaache 10baapa hote,sarcastic
Kil* them all who disrespects my country,non-sarcastic
bhot jldi smjh aya esi ka intezar h ... bjp ka itna jada information nhi niklte h ye sb,non-sarcastic
"Secularism??? At this point secularism = being anti hindu in india, its a shame",non-sarcastic
Chamche nahi dikh re yaha skull face_with_tears_of_joy face_with_tears_of_joy,non-sarcastic
"c'est horrible de voir ça. en france, vive la france, on ne trouvera jamais cette indifférence des autorités et de la société de transport",non-sarcastic
Ye log 15 lakh lene aaye hai face_with_tears_of_joy face_with_tears_of_joy,sarcastic
Ye bhi bata na ke Tu kucha nahi ukhad sake face_with_tears_of_joy face_with_tears_of_joy face_with_tears_of_joy face_with_tears_of_joy,sarcastic
Sitting Chief minister ki baat chl rhi hai… tbb wo chief minister nhi tha,non-sarcastic
"dhyan toh tum bhatka rahe the logo ka, kya hi jarurat thi ye sab karne ki, and ab jakar khud ko bachao, yaha video banane se kuch nahi honewala. you deserve it hundred_points",sarcastic
April fool banaya face_with_tears_of_joy face_with_tears_of_joy wo bhi June ke mahine me check_mark_button,non-sarcastic
"sath me kashi aur nathura ke be bta ke jana,",non-sarcastic
Hai bhagwan face_with_tears_of_joy face_with_tears_of_joy face_with_tears_of_joy face_with_tears_of_joy ye kya kehe raha hai yr,non-sarcastic
aaapko kisne roka hai apke liye 24 ghante suvidha uplabdh hai,non-sarcastic
nene yahi dekh ne keliye 249 ka recharge karvaya hai check_mark_button,non-sarcastic
ooncle be like maut se hum nahi dar te maut humse dar te he,non-sarcastic
meraa 1 saavala hasadeva jangala chatteesaga.dha riporta naheen kara rahe ho maidama clapping_hands clapping_hands clapping_hands,non-sarcastic
hay bai la kahi akal ahe ka kashalrahte mg bharta madhe pathava hila pakistan madhe,sarcastic
to ayodhya mein jo garbari hui hai....uski wajah yehi hai.......wah re janta,sarcastic
rolling_on_the_floor_laughing rolling_on_the_floor_laughing rolling_on_the_floor_laughing rolling_on_the_floor_laughing rolling_on_the_floor_laughing rolling_on_the_floor_laughing rolling_on_the_floor_laughing,non-sarcastic
"hee raanda he raanda,,, aataa parata inee sagalyaa prakaarache topalaa bhara kelee ghetalee asateela aata",sarcastic
haram ke jano khalistaniyo khali jamir,sarcastic
dhuru rathee ke kitne bap skull moai moai skull skull,non-sarcastic
jerman shepherd ki ma ki chut,non-sarcastic
"Yahi to Lokpal kejriwal lana chahta tha, uspe hi lag gaya face_with_tears_of_joy",sarcastic
enraged_face enraged_face enraged_face enraged_face enraged_face enraged_face enraged_face India India India India India,non-sarcastic
Proud to be a hindu triangular_flag red_heart,non-sarcastic
enraged_face enraged_face enraged_face enraged_face enraged_face enraged_face enraged_face enraged_face cross_mark cross_mark cross_mark cross_mark cross_mark,non-sarcastic
ye baaee kharaa kaaya te aadhee maahitee karoona ghe. gadada kaalaakutandhaaraata raahoo nakaa,non-sarcastic
Flash quit his job after this,non-sarcastic
Hicha tondat dya re face_with_symbols_on_mouth face_with_symbols_on_mouth enraged_face enraged_face,non-sarcastic
nountain dew- dar ki ma ki chut moai,non-sarcastic
jiske sath uthna sona khana pine jati hai nich soch bhari iske dimag me converted hai yeh nam na dekho kam bata rha hai ki kaha se he yeh,non-sarcastic
face_with_tears_of_joy face_with_tears_of_joy wa wa rolling_on_the_floor_laughing achi bat hai tum logo k liye face_with_tears_of_joy,non-sarcastic
rolling_on_the_floor_laughing rolling_on_the_floor_laughing rolling_on_the_floor_laughing or banao face_with_tears_of_joy face_with_tears_of_joy,non-sarcastic
Heart touching video cross_mark Kidney touching video check_mark_button rolling_on_the_floor_laughing,non-sarcastic
Rande ahe ti face_with_tears_of_joy face_with_tears_of_joy face_with_tears_of_joy face_with_tears_of_joy,non-sarcastic
bhava tas tar mag Dhruv Rathee la pan Jail madhe takayala pahije pan Sarkar chi Gand fatate face_with_tears_of_joy face_with_tears_of_joy face_with_tears_of_joy face_with_tears_of_joy face_with_tears_of_joy,sarcastic
pelvish ky time py kahan tha tu kendu,sarcastic
crying_face crying_face crying_face crying_face crying_face crying_face,non-sarcastic
Sb k sb desh se bhr niklege y muslim agr iski bt suni to face_with_tears_of_joy,sarcastic
don't worry abki bar 400 par triangular_flag,sarcastic
good question person_raising_hand fire fire clapping_hands clapping_hands clapping_hands clapping_hands face_with_tears_of_joy face_with_tears_of_joy face_with_tears_of_joy,non-sarcastic
een jaiso ki waja se hi population badhi jai ja rahi fr log bolte hai unemployment hai skull bhancho itne logo ko palte rahe ge free me to vikas kya dusra desh loot kr kre ge skull skull skull bear,non-sarcastic
Apni Aulaad ko bolna gaand jalate rehna face_with_tears_of_joy face_with_tears_of_joy face_with_tears_of_joy,sarcastic
pagl log ane too doo sbb trf enraged_face unpr fek video ntt bnaoo smzeee,sarcastic
salute madam cross_mark oh sorry salute aunty face_with_tears_of_joy face_with_tears_of_joy check_mark_button,non-sarcastic
rolling_on_the_floor_laughing rolling_on_the_floor_laughing rolling_on_the_floor_laughing rolling_on_the_floor_laughing वाह क्या सोच हैं रे 'तेरी,non-sarcastic
sudhaanshu sir pooraa googala aura kanpyootara hai kucha bhee poocho pooraa pola khola dete hai ok_hand ok_hand ok_hand,non-sarcastic
proud ee am hindu triangular_flag triangular_flag triangular_flag,non-sarcastic
aare bhai vo jeeta hi kaha hai jo dega khata jhat enraged_face enraged_face,sarcastic
jay shree ram triangular_flag triangular_flag triangular_flag triangular_flag triangular_flag triangular_flag triangular_flag triangular_flag triangular_flag triangular_flag,non-sarcastic
randi ki olad. check_mark_button check_mark_button check_mark_button,non-sarcastic
Ab kya hosakta did face_with_tears_of_joy face_with_tears_of_joy face_with_tears_of_joy,non-sarcastic
German Shepherd for a reason face_with_tears_of_joy,non-sarcastic
Boys ses : Hut Motherchod face_with_tears_of_joy,non-sarcastic
Was Nehru on some drugs when he passed waqf act? flushed_face,sarcastic
Jaa bhai tu bhi line laga le khata face_with_tears_of_joy khat pasi lene k liye,sarcastic
tu bhi marega owaisi ruk tera beta b ram ram bolega,sarcastic
kidhar mil rahi hai form idhar mil raha hai form,non-sarcastic
"kahe,,,,,sudhanshu uncle ko ungli krte ho",non-sarcastic
bhurkha boor me dalo or mera lauda muha me,non-sarcastic
ek kam kr bhai kalte nahi,sarcastic
enraged_face enraged_face enraged_face enraged_face enraged_face enraged_face India check_mark_button,non-sarcastic
nheru ki ma ka bhosda skull,non-sarcastic
Dhruv Rathee cross_mark Aam admi party worker check_mark_button,sarcastic
Dhruv Rathi sirf BJP ke hi piche pada hai usko khatm karne ke liye face_with_tears_of_joy,non-sarcastic
kuch bolungi vivad ho jyega .....,sarcastic
aaunty be like newton ki ma ka bhosda,sarcastic
Flash man face_with_tears_of_joy कुछ तो कमी है editting me grinning_face_with_sweat grinning_squinting_face,non-sarcastic
36 nakhre vali chinal aali face_with_tears_of_joy face_with_tears_of_joy index_pointing_at_the_viewer,non-sarcastic
Khalistan cross_mark In your dreams check_mark_button,non-sarcastic
tum dono ki ma ki chut,non-sarcastic
rolling_on_the_floor_laughing rolling_on_the_floor_laughing backhand_index_pointing_right backhand_index_pointing_right face_with_tears_of_joy face_with_tears_of_joy,non-sarcastic
Comman man cross_mark Ganga Man check_mark_button,non-sarcastic
Baccha kya wha maa chuda rha tha face_with_tears_of_joy rolling_on_the_floor_laughing,non-sarcastic
Ab toh Kashi me bhi mandir banne woli hai smiling_face_with_heart-eyes,non-sarcastic
aare had kutry. tya je kahi bolalya te kharokharach ahe,sarcastic
When Death is on Holiday check_mark_button face_with_tears_of_joy,non-sarcastic
yaalaa mhanataata jha.......ta gaadhava ooraavara ghena grinning_face_with_sweat,sarcastic
aaap ka modi na be yahi bola thai bad ma jab jeeta to bola who ak jomla thai,non-sarcastic
15Lakh Ke Jumle Ka to Bol Godi Media face_with_tears_of_joy,sarcastic
sudhanshuji ke age koi bol sakata hain kya.. fire fire,sarcastic
ग्रेविटी की माँ का भो**ड़ा face_with_tears_of_joy,sarcastic
Mountain dew dar ki ma ki chut skull fire rolling_on_the_floor_laughing,non-sarcastic
rolling_on_the_floor_laughing rolling_on_the_floor_laughing rolling_on_the_floor_laughing rolling_on_the_floor_laughing rolling_on_the_floor_laughing rolling_on_the_floor_laughing aur de lo en logo ko vote face_with_tears_of_joy face_with_tears_of_joy face_with_tears_of_joy face_with_tears_of_joy face_with_tears_of_joy face_with_tears_of_joy face_with_tears_of_joy,sarcastic
Vooo ntha tyming just miss......slow motionill vanilllayirunegill ippo vadi ayenney face_with_tears_of_joy face_with_hand_over_mouth pleading_face,non-sarcastic
ye wo sardar hai jis ne her month kuch paise ke liye apn dhram bdal lete hai,non-sarcastic
bhai ek munawar jeeta h ye sab log ki kese jal rhi h..,sarcastic
dhruv bhai underground ho jao skull,sarcastic
Char chawanni ghode pe age tum log bol hindu bhai face_with_tears_of_joy face_with_tears_of_joy face_with_tears_of_joy face_with_tears_of_joy face_with_tears_of_joy face_with_tears_of_joy face_with_tears_of_joy,sarcastic
Fate huye kondam ka natija face_with_tears_of_joy face_with_tears_of_joy,non-sarcastic
chinh thoda ling se milta julta hai... face_with_tears_of_joy face_with_tears_of_joy,non-sarcastic
Ye Bangladesh Bangladesh nahi hai slightly_smiling_face thumbs_up,non-sarcastic
Ab isse bhi fatne lagi face_with_tears_of_joy face_with_tears_of_joy face_with_tears_of_joy face_with_tears_of_joy,non-sarcastic
I am a Sikh and a Khalistani but this time Sikhs are totally wrong . cross_mark,non-sarcastic
eenka sath asa hi hona chaiya tha,sarcastic
jo sanaatana kaa naheen vo desha kaa naheen,non-sarcastic
Paisha to nhi h La#da lelo rolling_on_the_floor_laughing face_with_tears_of_joy,non-sarcastic
Muslim ka matalab www.porn.muslim hub face_with_tears_of_joy face_with_tears_of_joy,sarcastic
Saja milna chahiye inko enraged_face enraged_face enraged_face enraged_face,non-sarcastic
"aisi padhi likhi jahilon ne hi ladies welfare laws ki dhajjiyan uda rakhi hain , lady hone ka najayz dabav bnati hain",non-sarcastic
Sarkar bani kha h godi media face_with_tears_of_joy,sarcastic
Abe tu chal be face_with_tears_of_joy face_with_tears_of_joy,non-sarcastic
इसलिए हमारे राजस्थान कांग्रेस सरकार फटाफट गई face_with_tears_of_joy face_with_tears_of_joy face_with_tears_of_joy face_with_tears_of_joy face_with_tears_of_joy face_with_tears_of_joy,sarcastic
tum logo ne humara ram mandir todake babari mandir banaya tha isliye humane bhi vohi kiya jo salo pehle tum logo ne kiya tha so thoda apni had me rehke bola kro okat se bahar jaoge to kahi hindu log na tumhe tod de,non-sarcastic
Bolo smiling_face Jai shree ram red_heart red_heart face_with_tears_of_joy,non-sarcastic
"For Example - Dalle, Madharch....d, Ch...kke face_with_tears_of_joy",non-sarcastic
Sarkar bana to nhi hai yrrr face_with_tears_of_joy face_with_tears_of_joy face_with_tears_of_joy,non-sarcastic
Atleast bjp ne jhut nhi bola kise ko face_with_tears_of_joy,sarcastic
Le cameraman with Old Monk skull,non-sarcastic
Jay shree ram triangular_flag triangular_flag triangular_flag,non-sarcastic
aare yeeh to muda hei sab party ka neta jail jate hei lekin bjp kaa nenhi,non-sarcastic
Lay khaj hoti aaighalya tula ..mar ata face_with_tears_of_joy,non-sarcastic
nehru k ma ka bho*da check_mark_button,sarcastic
aur sun hindu nuslim nhi krte hme bs itna pata hai hm indian hai aur mujhe aisi government chahiye jo desh ke hit ke bare me soche na ki hindu nuslim kre aur bat rahi nuslim ki to is time bjp nuslim sansad ke kandhe par tike hai face_with_tears_of_joy,sarcastic
Delhi ki ladkiyaan yun hi badnaam hai face_with_tears_of_joy face_with_tears_of_joy,sarcastic
Jadhavpur is Famous for Anti-Hindu Sentiments,non-sarcastic
ye bhi koi bolne ki bat he,sarcastic
aurata hai isalie saamane vaalaa lihaaja kara rahaa hai varanaa eka thappa.da men peshaaba kara detaa hai ise,non-sarcastic
truck wale ki glti h upr nahi chdaya,non-sarcastic
jaya shree raama triangular_flag triangular_flag triangular_flag,non-sarcastic
samajh nhi ata punjabi balidan bhi diye itna or itna ulta kaise kaise kar dete hai,non-sarcastic
Pr hmre aligarh se to bjp jiti h red_heart,non-sarcastic
Instagram ko to chain se jine do face_with_tears_of_joy,non-sarcastic
bhai galti t teri hai....bkl ....chappri rider,non-sarcastic
rolling_on_the_floor_laughing rolling_on_the_floor_laughing bhen ban gyi bhai ki bahu rolling_on_the_floor_laughing rolling_on_the_floor_laughing,sarcastic
kha he jao pura ka pura bharat ko adha to kha he gye ho. bus moka dekh kr baithe hai sab kb bharat khatam ho ab bacha he kya ho kichri pakk gai hai bharat mei to neutral_face neutral_face,sarcastic
bhaaee hama bhee up se hai sabhi log nahi lekin jyaadaatara loga hijdhe hain,non-sarcastic
Are Sarkar Bani nahin inko Paisa chahie bahan chod ko rolling_on_the_floor_laughing rolling_on_the_floor_laughing rolling_on_the_floor_laughing rolling_on_the_floor_laughing,sarcastic
"barobara aahe daadaa,hi ashee bolatee loka kashee aikuna ghetaata",non-sarcastic
United_Arab_Emirates United_Arab_Emirates United_Arab_Emirates United_Arab_Emirates United_Arab_Emirates United_Arab_Emirates United_Arab_Emirates United_Arab_Emirates,non-sarcastic
nadarchodi ko bahar nikl isko desh s,non-sarcastic
Guys do you know she was never seen again,non-sarcastic
dadi amma aur ammma kab se musalman hi bolne lage jab nodi fatiha padh raha tha tab mulle nahi bane tum,sarcastic
ye ghatiya socha jab tak nhi badlegi tab nera hindustan kuch nhi kar payega soudi ao dubai ao tarakki karrha ye chote mulak lekin ap jaise logi soch ne mulak ka nas kardiya,non-sarcastic
Relax guys its prohibited in islam ye molvi ki MKC rolling_on_the_floor_laughing,non-sarcastic
* enraged_face enraged_face enraged_face enraged_face xxx,non-sarcastic
eenhe haram ki khane ki adt h,non-sarcastic
Aao bhyiiii hume andhbhkt kehne walo aao aur dekh lo face_with_tears_of_joy face_with_tears_of_joy,sarcastic
aareh ye profile wla bhi beak gya,non-sarcastic
garve se kaho hum besharam vikas kabil nahi,sarcastic
eecha pahila toda chapalaa naa haanaa,non-sarcastic
rahul gandhi ko jetna toh doo mahilo pehle,sarcastic
are yaa janaavaraa laa hakalaa aapalyaa deshaatoona,non-sarcastic
ram mandir work balasaheb thackeray triangular_flag,non-sarcastic
Jahil aur madraschaap ka abbu favourite youtuber rolling_on_the_floor_laughing rolling_on_the_floor_laughing,non-sarcastic
Ban the waqt act in 2024,non-sarcastic
Ye BAAT bataya nahi jate hai face_with_tears_of_joy face_with_tears_of_joy face_with_tears_of_joy,sarcastic
15 lac main to is tarak nahi bola. tab to sarkar bana tha. rahul ka to sarkar bana nahi..fir bhi mooh khol kar bakwas kar raha hain.,non-sarcastic
SUDHANSHU SIR EAT 1000 RathiS skull_and_crossbones skull_and_crossbones skull_and_crossbones skull_and_crossbones skull_and_crossbones skull_and_crossbones skull_and_crossbones skull_and_crossbones skull_and_crossbones skull_and_crossbones skull_and_crossbones skull_and_crossbones skull_and_crossbones skull_and_crossbones skull_and_crossbones,non-sarcastic
aare yar kom se kom 2- 4 din to do,non-sarcastic
dar ki ma ki chuttt cross_mark,non-sarcastic
Maulana ko salary mullo se nhi milta nahi donation face_with_tears_of_joy,sarcastic
hichyaa maayachee gaanda bullyaavara basoona bhaashana karanaaree raanda,sarcastic
ye sikhate yhi h bchpn se peace kaha h bhai aisi niyat ko dekhte hue,non-sarcastic
Yarr hi movie bhetat ch nahi boyz 3 mhanun dusri ch kuthli movie diste crying_face,non-sarcastic
nivadanukaanmadhye hichyaa sarva klipsa viral karaa.,non-sarcastic
"Dhruv Rathee, cross_mark German shepherd check_mark_button",non-sarcastic
sansaaraa madhye aita aapalee ugaacha bhatakata phiroo nako.,non-sarcastic
Ye bkld isi layak hai rolling_on_the_floor_laughing rolling_on_the_floor_laughing,non-sarcastic
bat current cm ki ho rehi hai na ki jail jane ki,sarcastic
chutye galti khud kar raha he,non-sarcastic
asa hota to tu ye bat ni karta bro,sarcastic
Sakal dikhao buldozer ready hai face_with_tears_of_joy face_with_tears_of_joy,sarcastic
badhwi hai ye isliye khilaf jitne karwai ki jaye hone chaiye ghatiya mansikta hai in logo ki or ha isko iske bap ka he pata nhi hoga kon hai,sarcastic
Gravity abhi chut mra rhe hai,non-sarcastic
"yeh act bilkul rehna chahiye wafq board me jo bhi zamin h woh apni marzi se musalmano se diya h naki kisi ka haq mar k liya gaya ho, jiski zamin thi usse dene me kuch prblm nhi tha toh apko kyuhorha h, yahi zamin agar apko de diya jaye ya aapki government ko de diya jaye k jaiye mandir banaiye toh phir apko prblm nhi hoga.",non-sarcastic
Abe to Modi ji ne bhi to bola tha bta bat 1500000 ki face_with_tears_of_joy face_with_tears_of_joy face_with_tears_of_joy ous ki bhi to bolo,sarcastic
eess 9th fail ko ban kro eendia se. bkl german me tax bharta h,sarcastic
What she trying to do the biggest One face_with_tears_of_joy,non-sarcastic
Please read the article - https://www.google.com/amp/s/www.hindustantimes.com/india-news/in-tamil-nadu-waqf-board-claims-ownership-of-an-entire-village-there-s-a-temple-too-101663245541768-amp.html,non-sarcastic
bas dharam dharam karwa lo godi media,sarcastic
face_with_tears_of_joy face_with_tears_of_joy jalan ho rha h ram mandir bn gya too,sarcastic
triangular_flag folded_hands jaya shreeraama folded_hands triangular_flag,non-sarcastic
गिरगिट - केजरीवाल प्रभु आपके चरण कहा है आप तो रंग बदलने में हमारी प्रजाति को भी पीछे छोड़ दिए face_with_tears_of_joy face_with_tears_of_joy face_with_tears_of_joy face_with_tears_of_joy face_with_tears_of_joy face_with_tears_of_joy,sarcastic
सायोनी घोस जिंदाबाद flexed_biceps thumbs_up flexed_biceps thumbs_up flexed_biceps,non-sarcastic
nera ram ke payro me pade hai tumare babar,non-sarcastic
bas nam hi kafhi hai yogi adityanath raising_hands fire,non-sarcastic
rahul gandhi nani ghar jane jayega wahi se paisa layega tab na tumko de ga re nurkh jahil,sarcastic
Aur ham log ka khud ka property Hai ham log Kabhi government se Charity Nahin lete ham log Apna Khud Se pocket se kharcha Karte Hain,non-sarcastic
nuslim mahilaye jyda hi chapet me a gyi mataye netao ki bat me n aye,non-sarcastic
fire fire face_with_tears_of_joy face_with_tears_of_joy face_with_tears_of_joy face_with_tears_of_joy,non-sarcastic
Dhruv rathee tune vote dala hey Kya chutiye skull rolling_on_the_floor_laughing,sarcastic
congress nhi jita hai abhi jitega tab na milega,sarcastic
"Andha Bhak, nafratti chintu, hate phellane walle rolling_on_the_floor_laughing rolling_on_the_floor_laughing rolling_on_the_floor_laughing",non-sarcastic
enraged_face enraged_face enraged_face enraged_face enraged_face cross_mark cross_mark cross_mark,non-sarcastic
"laalacha buree balaa hotee hai ina mahilaaon ne paise ke laalacha men aake apanaa vaॉta kho diyaa aba paancha saala taka ye roda para aise hee paise maangatee rahegee, ye saba inhen pahale sochanaa chaahie ki jaba taka narendra modee jee bhaarata ke pradhaanamantree hain taba taka apanaa bhaarata surakshita hai index_pointing_up ,, jaya hinda jaya bhaarata maataa folded_hands",sarcastic
level sabke nikalenge lekin nikalega uske jo kharaa rahega face_with_tears_of_joy face_with_tears_of_joy,sarcastic
face_with_tears_of_joy face_with_tears_of_joy face_with_tears_of_joy face_with_tears_of_joy face_with_tears_of_joy face_with_tears_of_joy face_with_tears_of_joy face_with_tears_of_joy face_with_tears_of_joy face_with_tears_of_joy face_with_tears_of_joy face_with_tears_of_joy face_with_tears_of_joy Babar Jaha ka tha vaha ja,sarcastic
enraged_face enraged_face mullaapremee kongresa enraged_face enraged_face,non-sarcastic
kya chutiya pah h yee media,sarcastic
aaap logon ko modi sarkar bahut buri hai es liye ap log congress ko vote diye the to ap congress party se jarur 8500 rs vasulie,non-sarcastic
tumhe toh saudi aur eeran nahi manta,non-sarcastic
Jay shree Ram triangular_flag triangular_flag triangular_flag sign_of_the_horns sign_of_the_horns sign_of_the_horns,non-sarcastic
oop valo.. naja a gya n... salo hijado,sarcastic
aaise board ko eendia se hatana chahiye...,non-sarcastic
nilega.....con dega moti rakam par pehle desh ko bikri karega face_with_tears_of_joy,sarcastic
jab kejriwal jail gya tha 2012 me yo cm nahi tha beta dhruv is always right,sarcastic
jye sri ram triangular_flag triangular_flag triangular_flag triangular_flag triangular_flag triangular_flag,non-sarcastic
Tatto ke chakkar mai sab जगह दबा रहा है face_with_tears_of_joy face_with_tears_of_joy face_with_tears_of_joy,non-sarcastic
बस निकल गई हवा face_with_tears_of_joy face_with_tears_of_joy face_with_tears_of_joy face_with_tears_of_joy डोंगरी ऑफ मुंबई,non-sarcastic
Ekta kapoor is trying to contact to her face_with_tears_of_joy face_with_tears_of_joy face_with_tears_of_joy face_with_tears_of_joy,sarcastic
Gravity ki ma ch*d do grinning_face_with_sweat check_mark_button,non-sarcastic
future kiska dekh rhe hai hum apna ya bjp leaders ka ..??,non-sarcastic
"Mai, meri family aur mere dost aur unki family bhi Modi ko vote inhi sab Jihadi act ko khatam karne k liye diye h... Congress ki maa ki... face_with_tears_of_joy",sarcastic
kaisa laga jit gaya nunawwar fire fire,sarcastic
He can destroy him in seconds pensive_face raising_hands,non-sarcastic
kisi ko beghar karoge to yehi hoga na.,non-sarcastic
Rathee said city CM. In 2012 he was not a CM. Go you get some knowledge,non-sarcastic
तु कुट कुट आय घातलीयास face_with_tears_of_joy,non-sarcastic
India India India India India India India India India India India enraged_face enraged_face enraged_face enraged_face enraged_face enraged_face enraged_face enraged_face enraged_face enraged_face enraged_face enraged_face enraged_face enraged_face enraged_face enraged_face enraged_face enraged_face enraged_face enraged_face enraged_face,non-sarcastic
tulaa kitee janaannee paaheele aaheta aataan paryanta face_with_tears_of_joy,non-sarcastic
face_with_symbols_on_mouth face_with_symbols_on_mouth face_with_symbols_on_mouth face_with_symbols_on_mouth face_with_symbols_on_mouth face_with_symbols_on_mouth face_with_symbols_on_mouth face_with_symbols_on_mouth face_with_symbols_on_mouth face_with_symbols_on_mouth face_with_symbols_on_mouth face_with_symbols_on_mouth face_with_symbols_on_mouth face_with_symbols_on_mouth face_with_symbols_on_mouth,non-sarcastic
anjanaa jee aapa sirfa bhaarata men boochada khaane banda karavaa deejie aura gaaoo.n cow maataa ko raashtramaataa kaa darjaa dilavaa deejie bjp se dhanyavaada flag_in_hole folded_hands,sarcastic
einstein ka brain nai yar...inka brain rakho sambhalkar....superb....fad diya puri tarh....sudhanshu ji tussi great ho,sarcastic
yana sulila tangayla pahije… enraged_face enraged_face enraged_face,non-sarcastic
"aakhira huaa kyaa hai ,puraa veediyo daalo , eka tukadaa nahee |",sarcastic
Why they did this to indian flag?,non-sarcastic
darr ki ma ki chuu moai skull rolling_on_the_floor_laughing,non-sarcastic
kuch nahi milega chinta mat karo,non-sarcastic
Bro kaha se late ho ase naam dhund kr face_with_tears_of_joy face_with_tears_of_joy,sarcastic
hum sath h owaisi sir ....,non-sarcastic
"maanusa tocha aahe , vichaara pana techa asanaara",non-sarcastic
Fir bhiii me kuchhh nhiii ukhad paya face_with_tears_of_joy,non-sarcastic
भाग गए फटाफट फटाफट फटाफट face_with_tears_of_joy face_with_tears_of_joy face_with_tears_of_joy face_with_tears_of_joy face_with_tears_of_joy,non-sarcastic
ye nhi sudhrenge inhe bhgao desh se,non-sarcastic
tujhee kaaheecha chukee naahee tu galateena jhaalelee aulaada aahe tujhee garaja nasataanaa kelelee chuka tujhe aaee vadeela pashchaataapaata asateela aamhee hi sarvaata mothee chuka kelee face_with_tears_of_joy rolling_on_the_floor_laughing,non-sarcastic
enraged_face enraged_face enraged_face enraged_face enraged_face enraged_face,non-sarcastic
Jo puch raha h woh khud nhi h face_with_tears_of_joy,non-sarcastic
hindustani hai tabhi tujhe haraya hai moai moai moai moai moai moai,non-sarcastic
Bc face_with_tears_of_joy face_with_tears_of_joy face_with_tears_of_joy face_with_tears_of_joy face_with_tears_of_joy,non-sarcastic
Tmlog ke sath thik hoo rha hai,non-sarcastic
𝚃𝚞𝚞𝚞 𝚔𝚞𝚝𝚎 𝚑𝚘𝚝𝚎 𝚖𝚐𝚐𝚐 𝚙𝚐 𝚕𝚎𝚟***,non-sarcastic
ina saba kaa ashikshita hone kaa jeemedaara kona hai ye savaala kaa javaaba jaba milegaa tabhee muslima samaaja isa desha vikasita hogaa kaa.ngresa ne inake dimaaga mai bahuta ja hara bharaa hain pichale kucha salee mai ise achchaa inakkee shikshaa para dhyaana dete backhand_index_pointing_left_light_skin_tone,sarcastic
yety loksabela hena tenchi jaga dakhava,non-sarcastic
munawar bhai winner trophy bane to sb ke ga**d jali rolling_on_the_floor_laughing rolling_on_the_floor_laughing,sarcastic
ध्रुव राठी - मैं इंडिया वापिस क्यू आया face_with_tears_of_joy face_with_tears_of_joy face_with_tears_of_joy,non-sarcastic
Inka toh safa chat ho gya skull_and_crossbones face_with_tears_of_joy grinning_face_with_sweat,non-sarcastic
Ek thappad pe bloody hell are you ka tone badal jaega,sarcastic
Mein hota toh Jaan de deta par chodta nahi in salo ko respect the women,non-sarcastic
Newton be like ‘ Me madhrchod hu rolling_on_the_floor_laughing face_with_tears_of_joy,non-sarcastic
sunna to padega na bhai kam. hi aisa kiye hay log sad_but_relieved_face,non-sarcastic
maga hilaa sodalee asatee kaa na...ne,sarcastic
"Ledy don bol ke sir pe mat chadhao inko ,, clapping_hands",sarcastic
bhaaee loga main to samajha naheen paa rahaa hoon kauna se chamache ke paasa bhejoon veediyo,non-sarcastic
Dar ki maa ki ch*t face_with_tears_of_joy rolling_on_the_floor_laughing moai skull,non-sarcastic
kida aahe deshaalaa laagalelee hee ....,non-sarcastic
"ਖਾਲਿਸ ਸਾ**, ਮਾਦ*** enraged_face enraged_face enraged_face cross_mark cross_mark",non-sarcastic
tamacha narne ki bajaye ticket.lanat h un leaders pr jinhone ghatiya aurat ko ticket diya .lanat waha k hinduo pr h,non-sarcastic
RIP : Physics face_with_tears_of_joy face_with_tears_of_joy face_with_tears_of_joy,non-sarcastic
Mountain dew dar ki maa ki chut rolling_on_the_floor_laughing skull,non-sarcastic
Bolte rahoo bhad me jaoo ham to abhi sare mandir lenge raising_hands,sarcastic
Congress Ak number ka jhuta sarkar hai Kuch nehi milega face_with_tears_of_joy face_with_tears_of_joy face_with_tears_of_joy face_with_tears_of_joy face_with_tears_of_joy face_with_tears_of_joy ab Ghara jao,sarcastic
aare bap paile sarkar to banne do baoliko,sarcastic
face_with_tears_of_joy face_with_tears_of_joy face_with_tears_of_joy triangular_flag triangular_flag triangular_flag triangular_flag triangular_flag,non-sarcastic
aapni bahanon ke sath apni nan ki gand mar liya karo,sarcastic
enraged_face enraged_face enraged_face enraged_face enraged_face enraged_face enraged_face enraged_face,non-sarcastic
naja kadun hichavar rep jhala tari challel pan hi parat ashi bolnar nay,non-sarcastic
aab pkdle kisi ek builder ko rolling_on_the_floor_laughing,sarcastic
hum hindu kaya kuch nahi kar sakte? relieved_face,non-sarcastic
Brahma bhagwan married his daughter Saraswati written in sraswatipurana what's yr take on this?,non-sarcastic
jab congress ki puri sarkar banti to yah sharte unhone rakhi thi sarkar ki bani nahin to yah sharten kahan se denge kya apne paise,sarcastic
Congress hatao hindu dharm bachao fire jai shree ram,sarcastic
Vote for BJP triangular_flag check_mark_button check_mark_button,non-sarcastic
He is talking about sitting cm . Andhbhakto,sarcastic
rolling_on_the_floor_laughing rolling_on_the_floor_laughing rolling_on_the_floor_laughing rolling_on_the_floor_laughing didi ji bahut jaldi pahunch gai aap to,sarcastic
Gravity gai man chudane pahle inko content banaane do face_with_tears_of_joy face_with_tears_of_joy,sarcastic
trooptee desaaee la jasa daankaa dakhvla hota tasa daankaa aandhare bail pan dakhvava lagtoy… #directicu,non-sarcastic
Ye aadmi Google ka bhi baap hai face_with_tears_of_joy,sarcastic
bjp ne to bde de diye 1500000,sarcastic
kuch din bad o ladke hi jay shre ram bolega,non-sarcastic
aare bike wala wo chaca ji ap ki papa ki age ka h khudki galti dikhai nenhi de rahi hai kiya unse uchi bat kar rahe ho. aaap ki bike ap ni bap ki road par chalana or ghusa dikhana tik hai. pekele kis ki rong dekho or bat kiya karo yar. kanha kanha se ajate hain ye log beaming_face_with_smiling_eyes beaming_face_with_smiling_eyes grinning_face_with_smiling_eyes grinning_face_with_smiling_eyes smiling_face_with_smiling_eyes,sarcastic
fire fire fire fire hindu_temple triangular_flag triangular_flag triangular_flag oncoming_fist_light_skin_tone,non-sarcastic
aare bhai tum bhi to wahi kr rhe ho post kar ke,sarcastic
Wo sudhanshu Trivedi hein Indian constitution current affairs sab indian history geography science sab break fast mein khate hein,non-sarcastic
garv se kaho ham hindu hai triangular_flag triangular_flag triangular_flag triangular_flag triangular_flag jay maharana jay newar,sarcastic
Kuch na karna par khatra nai hai face_with_tears_of_joy,non-sarcastic
Do ppl need any other proff to call him muslim? Or is it enough?,non-sarcastic
German shepherd check_mark_button rolling_on_the_floor_laughing rolling_on_the_floor_laughing rolling_on_the_floor_laughing,non-sarcastic
jhahat cross_mark check_mark_button mil raha h jo aunty log ko modi niwas le ke viswas ghat kar li y log,non-sarcastic
"Ye galat hai bhai, sanatan Dharma ka apmaan angry_face_with_horns angry_face_with_horns angry_face_with_horns fire fire",non-sarcastic
clapping_hands clapping_hands clapping_hands crying_face crying_face crying_face,non-sarcastic
aab app log ka rasan bhi band hoga. our do vote paisa ke liye,sarcastic
Real hai me tha vaha pr smiling_face_with_heart-eyes,non-sarcastic
Lekin isme Gravity kha Gyi face_with_tears_of_joy,sarcastic
jo party power me hai unhone paise dene ki baat nhi kri rolling_on_the_floor_laughing rolling_on_the_floor_laughing rolling_on_the_floor_laughing,sarcastic
dar ki ma ki chu check_mark_button,non-sarcastic
red_heart red_heart red_heart red_heart fire fire,non-sarcastic
dhruv rathi k mu me hoga kuch fasa huva isliye nhi bol raha hai kuch !!!!,sarcastic
Balasaheb thakare abi hota to is raut k gant pe lat mar k bhar fak dete face_with_tears_of_joy face_with_tears_of_joy face_with_tears_of_joy face_with_tears_of_joy,sarcastic
Tu chal ok Jai sheer ram clapping_hands,non-sarcastic
Eating 5 star jhat kaam na Karo piyo mounten dew dar ke maa ki chu* rolling_on_the_floor_laughing rolling_on_the_floor_laughing,sarcastic
rahul ke ghar pahocho vaha milega.....,sarcastic
nodi fans like kro fire red_heart,non-sarcastic
Our ye sabko jail se bahar nikal kr bjp me samil kr rhe hai face_with_tears_of_joy face_with_tears_of_joy face_with_tears_of_joy,sarcastic
sanjaya raava sobata tujhe laphadata kasaa chaalalaa,non-sarcastic
Me hota to matherchod ko Marta fir chahe jo bhi hota,sarcastic
Lee Mut Diyaa Sare Youngers kee Thinking pee rolling_on_the_floor_laughing rolling_on_the_floor_laughing rolling_on_the_floor_laughing Aree vai Tab Kajriwal Not as a CM of Delhi. 28 December 2013 the second youngest chief minister He is. Thoda Toh padlo,sarcastic
bhai samne se pelne ki bat kr rhi hain wo pil lete yaha bhi waha bhi... eetta zid kr rhi chale jate raising_hands,non-sarcastic
Kon sa huq bee sakl dikhne ki to aukaat nhi h baat mandir ki dur rakho face_with_tears_of_joy face_with_tears_of_joy,sarcastic
Editor hai. Bhai ye edit kr kr ke nafrat raita hai bs agar ye sach hota to abhi tk to news channel wale bar bar dikhthe face_with_tears_of_joy,non-sarcastic
skull skull skull skull skull k,non-sarcastic
Kro na toh sookh se kro face_with_tears_of_joy face_with_tears_of_joy,non-sarcastic
sach batao dulhe per apane kitne dafa jhula ka hai,non-sarcastic
karodapateechaa betaa naa too khaalee anbaaneechaa betaa kaaya bhenchota ardhyaa muleeche,sarcastic
modi ne 15 lakh nhi diya account me rolling_on_the_floor_laughing,sarcastic
sab ke sab pagal ho gaye hai abhut chaldi maroge sab ke sab enraged_face,non-sarcastic
Gravity gayi ma chudane face_with_tears_of_joy face_with_tears_of_joy,non-sarcastic
gand diya aur paisa na mila ye tho ese hua,non-sarcastic
Heart touching video cross_mark kidney touching video check_mark_button check_mark_button check_mark_button face_with_tears_of_joy face_with_tears_of_joy face_with_tears_of_joy,non-sarcastic
godi media mahoday rahul ne bank account me bhejne ko kha tha vo bhi sarkar banane ke bad toh ye dogla pani kahe karva rhe ho thoda dimag lgao,sarcastic
He proves chapri always be a chapri,sarcastic
face_with_tears_of_joy face_with_tears_of_joy face_with_tears_of_joy face_with_tears_of_joy face_with_tears_of_joy face_with_tears_of_joy,non-sarcastic
Please don't spread lies. Go and search more,sarcastic
faltu kitna bakwas banda hai ye ...jisko jwetaya hai...ek no lafkibaz,non-sarcastic
Nhi hona chiye ye gandu act cross_mark cross_mark,non-sarcastic
Gravity gayi Maa chudanee face_with_tears_of_joy face_with_tears_of_joy r2h on toh,sarcastic
alla hu akbar nahi ola hu uber ( hamara ram mandir jindabad tha jindabad he jindabad rehaga) jai shree ram,non-sarcastic
eesko khud ko pata nahi kitne iske khud ke hai aur kitne....,non-sarcastic
moai behen*** ye MC BC Chaachi C**** usko ch*** isko Ch*** face_with_tears_of_joy,non-sarcastic
ye galat h ye ladki galat h xxx,non-sarcastic
jai shree ram triangular_flag triangular_flag didi's,non-sarcastic
Ab jao rahul gandi ke ghar me uske bistar par 50 lakh dega.lalach ise hi kahte hai.jago Hindu jago abhi bhi time hai.dekh rhe hai na pese ka lalach kisko h.bura lage to SORRY OR acha lage to like/comments kre winking_face_with_tongue winking_face_with_tongue winking_face_with_tongue winking_face_with_tongue winking_face_with_tongue,sarcastic
Inke sath bohot accha hua enraged_face enraged_face,non-sarcastic
een sha aallah rahul gandhi sir... mujhe paise ki zarurat nhi hai bs eendia mei sukoon reh hindu nuslim na ho bs,non-sarcastic
face_with_tears_of_joy face_with_tears_of_joy face_with_tears_of_joy face_with_tears_of_joy face_with_tears_of_joy face_with_tears_of_joy face_with_tears_of_joy,non-sarcastic
Sorry main a video me ageya,non-sarcastic
Gentlemen people support country not religion Shree krishna to Dil me hote hai.,non-sarcastic
face_with_tears_of_joy ye sahi tha guru face_with_tears_of_joy rolling_on_the_floor_laughing,non-sarcastic
jali na bey jali teri gand jali hai bey nikal #nkj red_heart,non-sarcastic
पोपटा पोपटा तुझा रंग कोणता face_with_tears_of_joy,non-sarcastic
bahanachoda aura beteechoda jaisee gaaliyaan tuma jaiso ke lie hee banee hai face_with_tears_of_joy,non-sarcastic
Heart touching video cross_mark kidney touching video check_mark_button,sarcastic
Band this as soon as fast as,non-sarcastic
aabhi koi jita nahin hai cross_mark,non-sarcastic
Bni bewakoof choro ke chakkar me phir se face_with_tears_of_joy face_with_tears_of_joy face_with_tears_of_joy face_with_tears_of_joy,sarcastic
Aare hoga bhi tho July ko hoga face_with_tears_of_joy,sarcastic
For change Vote for Modi fire fire fire fire,sarcastic
Siv ka landd hai to to kya charayrga thik Kiya hai face_with_tears_of_joy face_with_tears_of_joy face_with_tears_of_joy face_with_tears_of_joy face_with_tears_of_joy face_with_tears_of_joy face_with_tears_of_joy face_with_tears_of_joy face_with_tears_of_joy,non-sarcastic
eendia eendia eendia eendia eendia eendia eendia,non-sarcastic
Isko to marvel movie's me le na chahiye face_with_tears_of_joy face_with_tears_of_joy face_with_tears_of_joy,sarcastic
tum hi is par video bana do ek,non-sarcastic
Jai ho yogi aadityanath red_heart fire,non-sarcastic
और मिलेगा भी नहीं कभी face_with_tears_of_joy face_with_tears_of_joy face_with_tears_of_joy,non-sarcastic
"ba.de baapa kee biga.dee olaada hai , mahangaa nashaa karatee hogee ,",sarcastic
Mountain dew cross_mark tune kuch nahi Kiya cross_mark_button,non-sarcastic
face_with_tears_of_joy face_with_tears_of_joy face_with_tears_of_joy face_with_tears_of_joy face_with_tears_of_joy face_with_tears_of_joy face_with_tears_of_joy,non-sarcastic
ghalun dakhva mg sangto ami saglezn,non-sarcastic
System ko to srkar ne award dia tha uska ky face_with_tears_of_joy,non-sarcastic
ye log ko minority bolte hai...isliye baki sab parties chodo or bjp ko vote do .ab yehi party sab kuch thik kar sakti hai..,sarcastic
Bike se dala ki maa chod di face_with_tears_of_joy face_with_tears_of_joy face_with_tears_of_joy,non-sarcastic
yaa bhaavaane phakta eka mima banavalaa ...kee mee mothyaa baapachaa mulagaa aahe paise devoona sarva bhikamanage sistama kharidee karoo shakato...,sarcastic
teri ma ki lwde hai kya re,sarcastic
wo hi aallah ek din bulle nein mila deta tum log ku ab bolo bulla ka akbar face_with_tears_of_joy,non-sarcastic
Moye moye ho gaya inka face_with_tears_of_joy,non-sarcastic
bhai sitting cm ki bat h,non-sarcastic
nountain dew +5 star cross_mark daru+ganja check_mark_button,non-sarcastic
face_with_symbols_on_mouth face_with_symbols_on_mouth face_with_symbols_on_mouth face_with_symbols_on_mouth face_with_symbols_on_mouth face_with_symbols_on_mouth,non-sarcastic
cross_mark_button cross_mark cross_mark_button cross_mark cross_mark_button cross_mark cross_mark_button,non-sarcastic
proud to be hindu ( hum apne dost ki bhen ko bhi apni bhen samjhte hai),sarcastic
face_with_tears_of_joy face_with_tears_of_joy face_with_tears_of_joy face_with_tears_of_joy face_with_tears_of_joy face_with_tears_of_joy face_with_tears_of_joy face_with_tears_of_joy,non-sarcastic
aaree ja. sarkar banti to ate ab nodi ji dege kyun ke wo hi pradhanmantri bane hain na hum unki hi to janta h wo maze lege to hume ghareeb ko maze ni karayen ge,sarcastic
#congress kaha ha Bhai Paisa face_with_tears_of_joy face_with_tears_of_joy face_with_tears_of_joy face_with_tears_of_joy,sarcastic
TV Serials ko bhi fate pe mara rolling_on_the_floor_laughing,non-sarcastic
"It's about a sitting CM, in 202",non-sarcastic
eendian media cross_mark bikau media check_mark_button,sarcastic
enraged_face enraged_face enraged_face enraged_face cross_mark face_with_tears_of_joy face_with_tears_of_joy face_with_tears_of_joy face_with_tears_of_joy check_mark_button,non-sarcastic
No enraged_face enraged_face enraged_face enraged_face enraged_face enraged_face fire triangular_flag,non-sarcastic
tu gav jani te sang adhi,non-sarcastic
aave kyu karde ho yr. phele log sikh nu mada kehnde ne,non-sarcastic
aab tu bhi ja k reh le wahan,sarcastic
ees tarha to har jati ka apna savindhan bana chahiye,non-sarcastic
sochne wali bat hai ki garib bhi musalman hi hai..wahan to hindu nazar bhi nhi arahe hai..mtlb ki inko jaldi hi sikhsa di jaye..thodi padhai ki hoti to syd hindu k jaise chalak hote..,sarcastic
e bhikhaariyon kee sarakaara hai aura laaina bhee bhikhaariyon kee hai|,sarcastic
ये महिला होने का फायदा उठा रही है face_with_tears_of_joy face_with_tears_of_joy face_with_tears_of_joy face_with_tears_of_joy,non-sarcastic
Uniform civil code is the only key to remove all the unnecessary laws acts and unwanted institutions,non-sarcastic
Proud to be a andhbhakt red_heart crown triangular_flag,sarcastic
"'teree aakada to aba pulisa todegee jhaatoo, kyaa jarurata thee beecha me apanee maiyyaa chudaane ki",sarcastic
aabe niyogi aur jo modi murti vishwanath corridor banata hai laxman ki murti laga ta hai uska kya kummbh mela mein paise kyon deti hai sarkar,sarcastic
Where is mother f****** Dhruv Rathi,sarcastic
Ab iski ---> kaaba bhi unboxing hone vali he..... face_with_tears_of_joy jay shree ram triangular_flag,sarcastic
jine ise ticket diya hai wahi ab batayega ise is ki asali aukat bhagwan k ghar par der hai ander nahi jai shree ram jai shree mahakal ab na bachegi ye folded_hands folded_hands,non-sarcastic
eesme dhruv rathee ki kya galti hai,non-sarcastic
fire fire Jay shree ram fire fire,non-sarcastic
yeto dusri country ka kanoon jese ho jisme bharat sarkar kuch mahi kar sakti…kya gandu law ye is desh ka rolling_on_the_floor_laughing,sarcastic
ye bahan bas is liye chup rah gayi q ke wo eendia me nahi hai eendia,non-sarcastic
"legend's let's fill in the blank "" kyunki ki inki kartut ko _______________"".",non-sarcastic
Haram ka paisa ke liye desh ko bech do tumlog 8000 rolling_on_the_floor_laughing rolling_on_the_floor_laughing,sarcastic
red_heart red_heart fire fire clapping_hands clapping_hands smiling_face_with_heart-eyes Oho bawaa,non-sarcastic
bharat ki janta khule vichar ki hai par media toh aaaj tak jesa faltu hai uska kya kare,non-sarcastic
sar ka sar haram ka bije ha kya jo itna bade bat bol di enraged_face enraged_face,non-sarcastic
eenka to noye noye ho gaya,non-sarcastic
Lene vale to dekho kon hai??? rolling_on_the_floor_laughing rolling_on_the_floor_laughing rolling_on_the_floor_laughing jay shree ram triangular_flag,non-sarcastic
Not at all we want equality,non-sarcastic
Chamcho ab enko anbhakt bolo Muslim anbhakt face_with_hand_over_mouth face_with_tears_of_joy face_with_tears_of_joy face_with_tears_of_joy face_with_tears_of_joy face_with_tears_of_joy,sarcastic
koee mullaa dikha nahee rahaa hai jaya shree raama triangular_flag triangular_flag,sarcastic
koi katulla comment section m nhi dikh rha h,non-sarcastic
"one nigga said ""do nothing+ dar ki ma ki ch**=this uncle"" skull",non-sarcastic
face_with_tears_of_joy face_with_tears_of_joy face_with_tears_of_joy face_with_tears_of_joy face_with_tears_of_joy face_with_tears_of_joy face_with_tears_of_joy face_with_tears_of_joy face_with_tears_of_joy face_with_tears_of_joy,non-sarcastic
live dekhne ka ghamand hai alien,non-sarcastic
yr sirf bahr ke hi kr skte h not indians,non-sarcastic
eka baaee bolataanaa kaaya chukalee. sagalyaannee svatahchee laayakee daakhavoona dilee. aapalyaa devaannee chukaa kelyaata tyaa kaa kelyaa yaachaa pana aapana vichaara kelaa paahije. deva chukoo shakataata mhanalyaavara maanoosa chukana pana sahaajika aalaacha baaeelaa shivyaa denan hee pana aapalee sanskrritee nakkeecha naahee,non-sarcastic
bhai tu yeh deserve karta hai kya zarurat thi bakwas karne ki,sarcastic
Modi ji or yogi ji ko lao desh bachao jay shree Ram Hindu rashtra banao apne desh ko Mulla free hindustan Congress free hindustan aap free hindustan folded_hands,sarcastic
अब लें पेसा टका टक rolling_on_the_floor_laughing rolling_on_the_floor_laughing rolling_on_the_floor_laughing,non-sarcastic
BJP check_mark_button check_mark_button check_mark_button check_mark_button check_mark_button check_mark_button check_mark_button,sarcastic
raanda aahe ho hee chinaala 300 roo. shaॉta na dhandaa karate hee aani haa yaa udhava le bhee samajata naahee kaa bhaadyaalaa fire,non-sarcastic
bilkul nahin isko turant jald se jald radd kar dena chahie,sarcastic
aab o nahi bolega ye sab uske amma ke yar ha,non-sarcastic
mitron aba tuma saba ko naukariyaa kataa kata aura hara maheene paise khaaton men phataa fata milegee face_with_tears_of_joy,sarcastic
Duniya hi muslim ki h face_with_tears_of_joy,non-sarcastic
le lo paise ab pagal kam buddhi wale log hai ye smirking_face,sarcastic
tu media wala pagal hai okay,non-sarcastic
aabe bhai yeh jaha dikh jata hai mjh gusse or ata hai.. face_without_mouth,non-sarcastic
जिन्हें पैसा नही मिला अब राहुल को खपा खप खपा खप करो भाई face_with_tears_of_joy face_with_tears_of_joy face_with_tears_of_joy face_with_tears_of_joy face_with_tears_of_joy,sarcastic
Advertisement power level in India skull check_mark_button,non-sarcastic
Uncle play gta 6 in real life moai skull,non-sarcastic
Mountain Dew check_mark_button dar ki maa ki chud skull fire rolling_on_the_floor_laughing,non-sarcastic
Kuch kare bina hi dar se jeet jaoo face_with_tears_of_joy face_with_tears_of_joy face_with_tears_of_joy face_with_tears_of_joy face_with_tears_of_joy face_with_tears_of_joy,non-sarcastic
enraged_face enraged_face enraged_face enraged_face enraged_face enraged_face enraged_face enraged_face enraged_face enraged_face enraged_face enraged_face enraged_face enraged_face enraged_face enraged_face,non-sarcastic
nandir basa nahi ki bhikari ana chalo hogye,non-sarcastic
ek bat batuo ki patar upar se kon phekta he aur kyon aur bacche ko gar se bahar zameen par kon leta he matlab reel ke kuch bhi face_with_tears_of_joy,sarcastic
sab ka bap ek hi bolo jay shri ram all friends triangular_flag triangular_flag triangular_flag triangular_flag triangular_flag triangular_flag triangular_flag triangular_flag,non-sarcastic
tan nan dhan se kejriwal desh ko lutega yah kasam kha raha hai,sarcastic
Modi k 15 lak Aagay kiya Account may face_with_tears_of_joy face_with_tears_of_joy face_with_tears_of_joy,sarcastic
dear ki ma ki chhut skull skull moai,non-sarcastic
ye to kothe vaalee vahee la.dakee hai,non-sarcastic
MADAM KO DARD BILKUL NAHI HUA face_with_tears_of_joy face_with_tears_of_joy face_with_tears_of_joy face_with_tears_of_joy face_with_tears_of_joy,non-sarcastic
kash ye video 155 din phle mili hoti ....,non-sarcastic
tere ma bhn n jo dy,non-sarcastic
Kabhi kuch na kr ke dekho + dar ke Ange jit h face_with_tears_of_joy,non-sarcastic
dongre mai rhnai wala har insan tanki hai ap ki sarkar kar kiya rhi hia,sarcastic
tmc mtlb teri ma ki c.................,sarcastic
oop m veer bhumi jhansi ki janta ne full support kiya h bjp triangular_flag triangular_flag triangular_flag,non-sarcastic
face_with_tears_of_joy face_with_tears_of_joy face_with_tears_of_joy face_with_tears_of_joy face_with_tears_of_joy face_with_tears_of_joy face_with_tears_of_joy,non-sarcastic
Ye to vahi baat ho gayi ye lakdi kyu padi ho zhad main aja ghus jao meri gaand main face_with_tears_of_joy face_with_tears_of_joy face_with_tears_of_joy face_with_tears_of_joy,sarcastic
cross_mark_button cross_mark check_mark_button skull moai face_with_tears_of_joy,non-sarcastic
bete wo tha he bujurg agar hota na koi garam khoon wala teri kholta pehle,non-sarcastic
nadhar chot balo tum eendia ko batman kor ra heho,non-sarcastic
jaya shree raama triangular_flag triangular_flag triangular_flag triangular_flag triangular_flag triangular_flag triangular_flag triangular_flag,non-sarcastic
eendia eendia eendia eendia eendia eendia eendia eendia eendia eendia eendia eendia check_mark_button check_mark_button check_mark_button,sarcastic
oop ke hindu cross_mark up ke eendians check_mark_button,non-sarcastic
Kya ye act band nhi ho sakta crying_face,non-sarcastic
face_with_tears_of_joy face_with_tears_of_joy face_with_tears_of_joy face_with_tears_of_joy face_with_tears_of_joy face_with_tears_of_joy face_with_tears_of_joy,non-sarcastic
Babri to gay ab gyanvapi bhi jane vali heee face_with_tears_of_joy face_with_tears_of_joy,non-sarcastic
ha tu hai par ter ko pata nahe skull,non-sarcastic
whatsup university se padha hai kya bhai badhi thodi hai ulta ghata hai don't trust dhruve rathe cross_mark,sarcastic
aare hila akkal ahe ka.. layki nai hichi politician honyachi..bhangar sali crying_face,sarcastic
Himat asel tr tondach sodun bol na bc mc enraged_face,non-sarcastic
elvish yadav jab jeeta tha tab bhi aishe log bahar aye the jashan manane tab kaha the tum sale,non-sarcastic
vese kidi ko gali dens bhi toh crime h,non-sarcastic
Bhai dhiyan se dekho sari Muslim aurte h Congress ko ache se pata h ki kin logo ko chutiya banana h or ye baat inko samajh me nhi ati face_with_tears_of_joy face_with_tears_of_joy,sarcastic
Fhefde touching video loudly_crying_face loudly_crying_face loudly_crying_face loudly_crying_face loudly_crying_face loudly_crying_face loudly_crying_face loudly_crying_face loudly_crying_face loudly_crying_face loudly_crying_face loudly_crying_face loudly_crying_face,non-sarcastic
dar ki ma ka bhosada rolling_on_the_floor_laughing skull skull,non-sarcastic
डर की अम्मी की चूत face_with_tears_of_joy face_with_tears_of_joy face_with_tears_of_joy,sarcastic
kabhi kuch na karke bhi dekho skull + dar ki mkc moai,non-sarcastic
sudhir bahut bda topinaz admi hai,non-sarcastic
hindu nhi jagenge kuch samye ruko or desh chod ke bhagenge,sarcastic
Nikal face_with_tears_of_joy face_with_tears_of_joy face_with_tears_of_joy face_with_tears_of_joy face_with_tears_of_joy,non-sarcastic
godi midya enraged_face enraged_face enraged_face enraged_face enraged_face,non-sarcastic
Dar ki m*** ki c****t grinning_face_with_sweat face_with_tears_of_joy,non-sarcastic
Kay hame bhi apni aane wali pidiyo ko ye batana chahiye ke kaise Babar ne ram mandir todkar vaha masjid banae red_heart red_heart are Kam se Kam Babar thik se toh Kam krta koi sabut nahi chhodna chaye tha face_with_tears_of_joy face_with_tears_of_joy,sarcastic
Ullu banaya fatafat fatafat face_with_tears_of_joy face_with_tears_of_joy face_with_tears_of_joy face_with_tears_of_joy face_with_tears_of_joy face_with_tears_of_joy,sarcastic
yaalaa pana uchalaa..haa vishaya aani vela tujhyaatalaa kidaa daakhavaayachan navhataa...2 lokaanchan jeeva gelaa aani tulaa tyaanchyaa jeevaavara raap karaayacha hotan,non-sarcastic
puri jagah tumhara kabja hoga jake pakistan mein kabja karo face_with_tears_of_joy,sarcastic
hum bhi apne baccho ko batate rahenge ki ye hamara mandir hai babar ne hamara mandir todd ke masjid banaya tha. par ram ji ke age kiski chalti hai to beta isss mandir ke bare mai tumhare bacche ko b batao,sarcastic
laking sarkar to modi ki bani hai phir kaha sai paisa dega rahul gandhi,non-sarcastic
Are iska dimag 1400 saal ki ..isko thodi pata hai usse pehle sanatan hi thaa ..eia bi converted isko koi batao face_with_tears_of_joy face_with_tears_of_joy,non-sarcastic
Gravity gayi ma chudane face_with_tears_of_joy loudly_crying_face loudly_crying_face,sarcastic
bhagavaana saba dekha rahaa hai aapa loga kyon apanee jubaana kharaaba kara rahe hain bhagavaana hee hisaaba karegaa,sarcastic
fir bhi hamara hindu soya huva hai.,non-sarcastic
15 laakha ke jaise jumalaa thaa,sarcastic
german dog. he doing video all aanti eendia skull skull,non-sarcastic
Tere pichhwade mein kyon Aag lag Rahi hai tujhe bhi chahie face_with_tears_of_joy,sarcastic
10 dukkara mele asateela tevhaa hyaa baaeechaa janma jhaalaa asela face_with_symbols_on_mouth enraged_face,non-sarcastic
"tere bap me h lekin, mtlb mujhme",sarcastic
dar ki ma ki ch**t skull,non-sarcastic
face_with_tears_of_joy face_with_tears_of_joy face_with_tears_of_joy face_with_tears_of_joy face_with_tears_of_joy face_with_tears_of_joy face_with_tears_of_joy face_with_tears_of_joy face_with_tears_of_joy face_with_tears_of_joy face_with_tears_of_joy face_with_tears_of_joy face_with_tears_of_joy,non-sarcastic
rathhee apko research team rakhni padti hai aur ye ha mare kalyug ke 4 disha ke gyani sudhanshu ji hai jinke samne google bhi sharma jata hai,sarcastic
Le network :- mere sath gal hua hai beaming_face_with_smiling_eyes,non-sarcastic
Ab bolo proud to be mushlim face_with_tears_of_joy face_with_tears_of_joy face_with_tears_of_joy,sarcastic
Wtttt a performance fire fire fire fire fire fire fire fire triangular_flag triangular_flag triangular_flag triangular_flag triangular_flag triangular_flag triangular_flag triangular_flag triangular_flag triangular_flag triangular_flag triangular_flag triangular_flag triangular_flag triangular_flag triangular_flag triangular_flag triangular_flag,non-sarcastic
chut ke uski daru pakdai thi yad hai ki nahin,non-sarcastic
bhai wo tab ruling me nhi tha..,non-sarcastic
NEWTON's LAW clown_face cross_mark INDIAN DRAMA's face_with_tears_of_joy check_mark_button,non-sarcastic
hama bhee bolate rahenge ye muggalo ki aavalaade bhaarata ke mula naheen hain.,sarcastic
Druv Rathee ke Puppets nhi dikh rhe comment section me clown_face,sarcastic
#BJP2024 BoyCott This Board enraged_face enraged_face enraged_face,non-sarcastic
Kuch Milne Vala Nahi He rolling_on_the_floor_laughing,non-sarcastic
Jay shree ram.... triangular_flag triangular_flag triangular_flag,non-sarcastic
hindu secular hone ka natk krte h apni kayarta chupane k liye unamused_face,sarcastic
face_with_tears_of_joy face_with_tears_of_joy face_with_tears_of_joy face_with_tears_of_joy face_with_tears_of_joy face_with_tears_of_joy face_with_tears_of_joy face_with_tears_of_joy face_with_tears_of_joy,non-sarcastic
eesko jinda rahne ka hk nhi hai enraged_face enraged_face enraged_face enraged_face enraged_face enraged_face,non-sarcastic
Aise hi tujh jaiso ko andhbhakt kahte hain face_with_tears_of_joy,sarcastic
ye bahut galat kar rahe ho,non-sarcastic
nountain dew +5 star cross_mark desi daru check_mark_button skull skull skull skull fire fire fire fire fire,non-sarcastic
bas itni hi angreji khatam tata by by,non-sarcastic
jali ko ag fire kahte hai buji ko khak kahte jo rak se barud banta hai...use munawwar kahte hai..jai hind,non-sarcastic
"aaree woh kaha gye jo hinduism ko secular kehta h smiling_face_with_tear , dekh lo bhai tmhri atma ko shanti mile",sarcastic
5 star = sahi ha bhai tuna kuch nahi kiya. skull,sarcastic
Jai shree Ram red_heart triangular_flag prayer_beads,non-sarcastic
aisee aurate khataranaaka hai samaaja ke lie parivaara ke lie folded_hands,non-sarcastic
triangular_flag Jay smiling_face_with_horns shree smiling_face_with_horns Ram triangular_flag dagger heart_suit om folded_hands,non-sarcastic
jalne ki bu a rahi kidhar se dhuwa nikal rha hi,sarcastic
khup ghan shivya yetat mala pn amchyavr ase sanskar nahi kele pn shree ram baddal koni bhangar bhunagar bolol na tith yeun gharat ghusun maru # hijadyaa chee aulaada sushmaa,non-sarcastic
aata sagle tumcha sarkhe nasta na madam,non-sarcastic
Vosdike enraged_face gana bahat acha lagaya face_with_tears_of_joy face_with_tears_of_joy,non-sarcastic
Biggest reason to vote for BJP,sarcastic
report maro jeda se jeda isko,sarcastic
"Who has such evil smile & devil look? Just look at how she pretends to be an elegant, religious anchor Bloody CHORR fire her!!!! Anchors like her are nothing justa disgrace to the economy #boycottanjanaomkashyap #boycottaajtak",non-sarcastic
enraged_face enraged_face enraged_face enraged_face enraged_face enraged_face enraged_face enraged_face enraged_face enraged_face,non-sarcastic
Ma ch*d di iski face_with_steam_from_nose face_with_symbols_on_mouth ch*d gyi ch*d gyi thik hai smiling_face_with_hearts handshake,non-sarcastic
bolo Jay shree ram red_heart red_heart,non-sarcastic
Hine mullaynchi gatha ekli aasel face_with_tears_of_joy face_with_tears_of_joy face_with_tears_of_joy,non-sarcastic
"None of the Jihadis has nothing to say about how messed up the wakf law is but we're quick to defend how great the desert religion is. The same religion which say earth is flat, the same religion that say you can bear your wife. The same religion that says not to use condoms, the same religion that says to end the non-believers. Fascinating.",non-sarcastic
rolling_on_the_floor_laughing rolling_on_the_floor_laughing rolling_on_the_floor_laughing rolling_on_the_floor_laughing rolling_on_the_floor_laughing isii ke layak hy ye face_with_tears_of_joy face_with_tears_of_joy face_with_tears_of_joy,sarcastic
Ab ye gandu log india nai aana chaiye yahan se pura rista nata khatam in logo ka enraged_face enraged_face enraged_face enraged_face crying_face,non-sarcastic
इसलिए पढ़ाई लिखाई जरूरी है rolling_on_the_floor_laughing rolling_on_the_floor_laughing rolling_on_the_floor_laughing,non-sarcastic
Chutiya act or chutiya act banane wala check_mark_button,non-sarcastic
Lekin ye pehle baar hua Bail k baad ED higher court me Jake stay order lata hai .,non-sarcastic
ye sale kbhi nhi sudhar skte,non-sarcastic
sala itna bada jhootha he j?,sarcastic
Dhruv ratee cross_mark lavde ratee check_mark_button,non-sarcastic
Mam ki tattoo cross_mark mam ki gund check_mark_button,sarcastic
kaa.ngresa sarakaarane saaraa desha kharaaba karake rakhaa hai triangular_flag triangular_flag isaliye modee sarakaara chaahiye bhaarata maataa kee jaya triangular_flag triangular_flag,sarcastic
"chapri rider.. chal galti hai toh insan man to le,, ulta juban ladara budhee admi se..",non-sarcastic
Keede poore tarike se saf honge ab face_with_tears_of_joy face_with_tears_of_joy face_with_tears_of_joy,sarcastic
face_with_tears_of_joy face_with_tears_of_joy face_with_tears_of_joy face_with_tears_of_joy real man waiting for his turn,non-sarcastic
yahee hai hamaare desha kaa haala 8500 ke lie bhaarata desha ko becha diyaa vo to hamaare modee jee hain jo indiyaa aaja bachaa huaa hai,sarcastic
Bhikhari log sbse aage face_with_tears_of_joy face_with_tears_of_joy face_with_tears_of_joy,sarcastic
Respect to India flag India India India India India red_heart red_heart red_heart red_heart red_heart red_heart red_heart red_heart red_heart,non-sarcastic
modee jee ko to saaree suvidhaa banda kara denee chaahie,sarcastic
face_with_tears_of_joy face_with_tears_of_joy face_with_tears_of_joy face_with_tears_of_joy face_with_tears_of_joy face_with_tears_of_joy grinning_face_with_sweat grinning_face_with_sweat grinning_face_with_sweat grinning_face_with_sweat,non-sarcastic
nabap ne bachpan mai tamez sikhae hoti toh ye din bhari ni padta espr greh krab hai madam k,sarcastic
nuje proud he ki nee hindu hu folded_hands folded_hands,non-sarcastic
मैडम को पेलवाने की आदत हो गया है face_with_tears_of_joy face_with_tears_of_joy,non-sarcastic
red_heart red_heart red_heart red_heart red_heart red_heart,non-sarcastic
skull skull two words for dr sweat_droplets skull skull,sarcastic
hmara kha ke hmare desh ke bare me bura bolta he ye,non-sarcastic
chutiya ahe tu aaryan devendra neekhra,non-sarcastic
is shaitan kachre ko pakistan bhejna hi hoga or sare iske jhute kattar supporter ko bhi,non-sarcastic
8500 unhi ke account main aana tha ab jinke account main 15 lakh aaye the ab list wahin hai... Fekafake fekafake fekafake,sarcastic
Okay that's what we have to do.,non-sarcastic
begum ki ch#t ki surang bna di hogi rolling_on_the_floor_laughing,non-sarcastic
8000 तो नहीं मिले कार्यालय में अब गांड मरवा लो खटाखट खटाखटखटाखट winking_face_with_tongue rolling_on_the_floor_laughing rolling_on_the_floor_laughing rolling_on_the_floor_laughing rolling_on_the_floor_laughing,sarcastic
Only mm jindabad India United_Arab_Emirates check_mark_button .,non-sarcastic
"face_with_tears_of_joy बर ठीक आहे , बोम्बलत च बस मग आता face_with_tears_of_joy",non-sarcastic
Aaj dhruv Rathee ke baap ko dekhkar mere aankhon men aansu a gaye face_with_tears_of_joy face_with_tears_of_joy,sarcastic
jee tikata se aae ho bahana oosee tikata para vaapasa chale jaao apane ghara khataakhata khataakhata slightly_smiling_face clapping_hands,sarcastic
Kal aana milega.... face_with_tears_of_joy face_with_tears_of_joy face_with_tears_of_joy,non-sarcastic
kya hua lo bhai paise lo jo apane bap ka nhi hua vo ap ka kya hoga,sarcastic
Or do vote Congress ko ab wo lora dega wo bhi terha wala face_with_tears_of_joy,sarcastic
Ye to asli zihadi hai face_with_tears_of_joy face_with_tears_of_joy face_with_tears_of_joy,non-sarcastic
ye loga jeeta kaise jaate hai jaroora gaddaara tahai,non-sarcastic
fire fire fire fire fire fire fire fire fire fire fire fire fire fire fire fire fire fire fire fire fire fire clapping_hands fire fire fire fire fire,sarcastic
he krishna bhagwan achha kiya mujhe hindu om bnaya hai,non-sarcastic
jay shri ram triangular_flag triangular_flag triangular_flag triangular_flag triangular_flag triangular_flag,non-sarcastic
unako ko bota lene the aba koee pese naheen milenge kyon garmee men pareshaana ho raho,sarcastic
Sukhe nashe cross_mark mountain dew check_mark_button,sarcastic
Mountain Dew cross_mark Ek desi pavwa check_mark_button fire moai,sarcastic
Gravity ki amma ch**d kr rakh di en logo ne face_with_tears_of_joy,non-sarcastic
I hope ki ek gaana tum bewakoof log BRA per bhi banaoge face_with_tears_of_joy face_with_tears_of_joy,sarcastic
haan bhai dede tera ghr bhi iski ko kr de daan itna toh kr skta h face_with_tears_of_joy face_with_tears_of_joy face_with_tears_of_joy,sarcastic
aaap log padhe likhe h bhaiya isliye ap logo ne congress ka hi safaya kar diya cross_mark,sarcastic
Bs nikl gayi hawa face_with_tears_of_joy face_with_tears_of_joy,non-sarcastic
tuma loga raahula kaa le lo aba samajhane vaale ko samaja gayaa kyaa he to jaya shree raama,sarcastic
Jula rat ko hi hilta hai ya din me bhi face_with_tears_of_joy face_with_tears_of_joy face_with_tears_of_joy,non-sarcastic
"kya kiya tune hindu dharam ke liye aj tak , gay nata ko ek roti de nahi hoge , aya social media ka hindu .",sarcastic
eenko chun kon raha hai? aaur kyu?,non-sarcastic
admin cross_mark khud ki ma ka choda check_mark_button,sarcastic
chutiya ko vote dogi to chutiya hi banogi na bhut shi,sarcastic
aare 1 july ko bola tha na ki 1 jun ko,sarcastic
Sorry sir you didn't Done your home work not all temples are under the govt A few of the temples are under the govt,non-sarcastic
aare haraamakhora too bildara khaalee aaee de mhanatoya tujhee tara pakkee sujavalee paahije.,sarcastic
Ha rhegi spne me fire fire fire Jay shree Ram fire fire fire fire fire,non-sarcastic
apanaa ijzata parivaara bachche dharma propartee ghara izjata bachaanaa hai to beejepee ko vota do,sarcastic
Don't believe in Pappu !! Otherwise you will become the biggest Pappu !!,sarcastic
dar ki ma ki chuuuuuuuu moai moai,non-sarcastic
swati maliwal k liye bol kuch,non-sarcastic
Chut*ya banaya tumhe rolling_on_the_floor_laughing rolling_on_the_floor_laughing rolling_on_the_floor_laughing,non-sarcastic
Proud to be हिन्दू face_with_tears_of_joy red_heart folded_hands check_mark_button,non-sarcastic
isee liye samaajane tumhe ghara ke andara rakhaa thaa pensive_face,non-sarcastic
eendia eendia eendia eendia hamri san hai,non-sarcastic
But still its benefits gos to Indian government,sarcastic
eenlog isliye tho ek sal ki paise keliye ithi sal pappu ke vote dete ish bar hoyi kiye..abh papu ko ane dho,sarcastic
Re convert the Muslims citizens of India or else they will destroy India just like many countries they destroyed,sarcastic
Hey girl you dropped this crown crying_face,non-sarcastic
sardar ko akal sikha diya chapri na ek,sarcastic
To fir apni maa Ko bhi rakh Lo check_mark_button,sarcastic
Chapri rathee ki tatti nikal gayi face_with_tears_of_joy face_with_tears_of_joy rolling_on_the_floor_laughing rolling_on_the_floor_laughing rolling_on_the_floor_laughing,non-sarcastic
money-mouth_face money-mouth_face money-mouth_face money-mouth_face money-mouth_face money-mouth_face money-mouth_face money-mouth_face money-mouth_face cockroach,non-sarcastic
Gravity ki toh Amma bhen ek krdi face_with_tears_of_joy,sarcastic
It's not the power of mountain dew smiling_face_with_heart-eyes it's the power of desi OK_hand fire fire,non-sarcastic
tujhe nila kya modi k diye 15 lakh enraged_face,non-sarcastic